prev,curr,n
1556_Shaanxi_earthquake,Lists_of_earthquakes,1
1556_Shaanxi_earthquake,Seismic_magnitude_scales,1
1700_Cascadia_earthquake,1906_San_Francisco_earthquake,1
1700_Cascadia_earthquake,2004_Indian_Ocean_earthquake_and_tsunami,1
1700_Cascadia_earthquake,List_of_earthquakes_in_the_United_States,1
1700_Cascadia_earthquake,List_of_tsunamis,1
1700_Cascadia_earthquake,Megathrust_earthquake,1
1755_Lisbon_earthquake,List_of_tsunamis,1
1755_Lisbon_earthquake,Lists_of_earthquakes,1
1755_Lisbon_earthquake,Modified_Mercalli_intensity_scale,1
1755_Lisbon_earthquake,Moment_magnitude_scale,1
1755_Lisbon_earthquake,Tsunami,1
1886_Charleston_earthquake,List_of_earthquakes_in_the_United_States,1
1906_San_Francisco_earthquake,1989_Loma_Prieta_earthquake,1
1906_San_Francisco_earthquake,2014_South_Napa_earthquake,1
1906_San_Francisco_earthquake,Fault_(geology),1
1906_San_Francisco_earthquake,List_of_earthquakes_in_the_United_States,1
1906_San_Francisco_earthquake,Modified_Mercalli_intensity_scale,1
1906_San_Francisco_earthquake,Moment_magnitude_scale,1
1906_San_Francisco_earthquake,Richter_magnitude_scale,1
1906_San_Francisco_earthquake,San_Andreas_Fault,1
1925_serum_run_to_Nome,Balto,1
1925_serum_run_to_Nome,Iditarod_Trail_Sled_Dog_Race,1
1925_serum_run_to_Nome,Mushing,1
1925_serum_run_to_Nome,"Nome,_Alaska",1
1958_Lituya_Bay_earthquake_and_megatsunami,Fault_(geology),1
1958_Lituya_Bay_earthquake_and_megatsunami,List_of_earthquakes_in_Alaska,1
1958_Lituya_Bay_earthquake_and_megatsunami,List_of_tsunamis,1
1958_Lituya_Bay_earthquake_and_megatsunami,Modified_Mercalli_intensity_scale,1
1960_Valdivia_earthquake,2010_Chile_earthquake,1
1960_Valdivia_earthquake,Aleutian_Islands,1
1960_Valdivia_earthquake,Lists_of_earthquakes,1
1960_Valdivia_earthquake,Megathrust_earthquake,1
1960_Valdivia_earthquake,Moment_magnitude_scale,1
1960_Valdivia_earthquake,Seismic_magnitude_scales,1
1960_Valdivia_earthquake,Soil_liquefaction,1
1960_Valdivia_earthquake,Subduction,1
1960_Valdivia_earthquake,Tsunami,1
1964_Alaska_earthquake,2018_Anchorage_earthquake,1
1964_Alaska_earthquake,2018_Gulf_of_Alaska_earthquake,1
1964_Alaska_earthquake,Alaska,1
1964_Alaska_earthquake,Alaska_Time_Zone,1
1964_Alaska_earthquake,Aleutian_Trench,1
1964_Alaska_earthquake,"Anchorage,_Alaska",1
1964_Alaska_earthquake,"Bootleggers_Cove,_Anchorage",1
1964_Alaska_earthquake,California,1
1964_Alaska_earthquake,Cook_Inlet,1
1964_Alaska_earthquake,"Crescent_City,_California",1
1964_Alaska_earthquake,Earthquake_engineering,1
1964_Alaska_earthquake,"Girdwood,_Anchorage,_Alaska",1
1964_Alaska_earthquake,Knik_Arm,1
1964_Alaska_earthquake,"Kodiak,_Alaska",1
1964_Alaska_earthquake,Kodiak_Island,1
1964_Alaska_earthquake,List_of_earthquakes_in_Alaska,1
1964_Alaska_earthquake,List_of_earthquakes_in_the_United_States,1
1964_Alaska_earthquake,Lists_of_earthquakes,1
1964_Alaska_earthquake,Megathrust_earthquake,1
1964_Alaska_earthquake,Modified_Mercalli_intensity_scale,1
1964_Alaska_earthquake,National_Tsunami_Warning_Center,1
1964_Alaska_earthquake,Peak_ground_acceleration,1
1964_Alaska_earthquake,"Portage,_Anchorage",1
1964_Alaska_earthquake,"Prudhoe_Bay,_Alaska",1
1964_Alaska_earthquake,"Seward,_Alaska",1
1964_Alaska_earthquake,Seward_Highway,1
1964_Alaska_earthquake,Soil_liquefaction,1
1964_Alaska_earthquake,Subduction,1
1964_Alaska_earthquake,Tsunami,1
1964_Alaska_earthquake,Turnagain_Arm,1
1964_Alaska_earthquake,United_States_Geological_Survey,1
1964_Alaska_earthquake,"Valdez,_Alaska",1
1964_Alaska_earthquake,"Whittier,_Alaska",1
1985_Mexico_City_earthquake,2017_Puebla_earthquake,1
1985_Mexico_City_earthquake,Modified_Mercalli_intensity_scale,1
1989_Loma_Prieta_earthquake,1906_San_Francisco_earthquake,1
1989_Loma_Prieta_earthquake,1994_Northridge_earthquake,1
1989_Loma_Prieta_earthquake,Fault_(geology),1
1989_Loma_Prieta_earthquake,Foreshock,1
1989_Loma_Prieta_earthquake,List_of_earthquakes_in_the_United_States,1
1989_Loma_Prieta_earthquake,Modified_Mercalli_intensity_scale,1
1989_Loma_Prieta_earthquake,Moment_magnitude_scale,1
1989_Loma_Prieta_earthquake,San_Andreas_Fault,1
1989_Loma_Prieta_earthquake,Soil_liquefaction,1
1992_Winter_Olympics,1994_Winter_Olympics,1
1992_Winter_Olympics,Albertville,1
1994_Northridge_earthquake,1989_Loma_Prieta_earthquake,1
1994_Northridge_earthquake,List_of_earthquakes_in_the_United_States,1
1994_Northridge_earthquake,Modified_Mercalli_intensity_scale,1
1994_Northridge_earthquake,Peak_ground_acceleration,1
1994_Northridge_earthquake,Seismic_magnitude_scales,1
1994_Winter_Olympics,1992_Winter_Olympics,1
1994_Winter_Olympics,Albertville,1
2001_Gujarat_earthquake,Fault_(geology),1
2001_Gujarat_earthquake,List_of_earthquakes_in_India,1
2001_Gujarat_earthquake,Modified_Mercalli_intensity_scale,1
2001_Gujarat_earthquake,Moment_magnitude_scale,1
2001_Nisqually_earthquake,1994_Northridge_earthquake,1
2001_Nisqually_earthquake,Fault_(geology),1
2001_Nisqually_earthquake,List_of_earthquakes_in_the_United_States,1
2001_Nisqually_earthquake,Modified_Mercalli_intensity_scale,1
2002_Denali_earthquake,1965_Rat_Islands_earthquake,1
2002_Denali_earthquake,Alaska_Route_1,1
2002_Denali_earthquake,List_of_earthquakes_in_Alaska,1
2004_Indian_Ocean_earthquake_and_tsunami,1556_Shaanxi_earthquake,1
2004_Indian_Ocean_earthquake_and_tsunami,1700_Cascadia_earthquake,1
2004_Indian_Ocean_earthquake_and_tsunami,1908_Messina_earthquake,1
2004_Indian_Ocean_earthquake_and_tsunami,1946_Aleutian_Islands_earthquake,1
2004_Indian_Ocean_earthquake_and_tsunami,1960_Valdivia_earthquake,1
2004_Indian_Ocean_earthquake_and_tsunami,1964_Alaska_earthquake,1
2004_Indian_Ocean_earthquake_and_tsunami,2010_Chile_earthquake,1
2004_Indian_Ocean_earthquake_and_tsunami,2010_Haiti_earthquake,1
2004_Indian_Ocean_earthquake_and_tsunami,2012_Indian_Ocean_earthquakes,1
2004_Indian_Ocean_earthquake_and_tsunami,Coordinated_Universal_Time,1
2004_Indian_Ocean_earthquake_and_tsunami,Effect_of_the_2004_Indian_Ocean_earthquake_on_India,1
2004_Indian_Ocean_earthquake_and_tsunami,Fault_(geology),1
2004_Indian_Ocean_earthquake_and_tsunami,Foreshock,1
2004_Indian_Ocean_earthquake_and_tsunami,Lists_of_earthquakes,1
2004_Indian_Ocean_earthquake_and_tsunami,Megathrust_earthquake,1
2004_Indian_Ocean_earthquake_and_tsunami,Modified_Mercalli_intensity_scale,1
2004_Indian_Ocean_earthquake_and_tsunami,Moment_magnitude_scale,1
2004_Indian_Ocean_earthquake_and_tsunami,Seismic_magnitude_scales,1
2004_Indian_Ocean_earthquake_and_tsunami,Seismic_moment,1
2004_Indian_Ocean_earthquake_and_tsunami,Subduction,1
2004_Indian_Ocean_earthquake_and_tsunami,Submarine_earthquake,1
2004_Indian_Ocean_earthquake_and_tsunami,Tsunami,1
2004_Indian_Ocean_earthquake_and_tsunami,Tsunami_warning_system,1
2004_Indian_Ocean_earthquake_and_tsunami,United_States_Geological_Survey,1
2005_Base_Realignment_and_Closure_Commission,Joint_base,1
2005_Kashmir_earthquake,Modified_Mercalli_intensity_scale,1
2008_Sichuan_earthquake,Moment_magnitude_scale,1
2008_Sichuan_earthquake,Surface-wave_magnitude,1
2010_Chile_earthquake,1960_Valdivia_earthquake,1
2010_Chile_earthquake,Megathrust_earthquake,1
2010_Chile_earthquake,Moment_magnitude_scale,1
2010_Haiti_earthquake,2004_Indian_Ocean_earthquake_and_tsunami,1
2010_Haiti_earthquake,2010_Chile_earthquake,1
2010_Haiti_earthquake,Aftershock,1
2010_Haiti_earthquake,Modified_Mercalli_intensity_scale,1
2010_Haiti_earthquake,Moment_magnitude_scale,1
2010_United_States_census,California,1
2010_United_States_census,List_of_United_States_cities_by_population,1
2010_United_States_census,Metropolitan_statistical_area,1
2010_United_States_census,New_York_(state),1
2010_United_States_census,United_States,1
2011_Virginia_earthquake,Fault_(geology),1
2012_Indian_Ocean_earthquakes,Fault_(geology),1
2013_Bohol_earthquake,1990_Luzon_earthquake,1
2014_South_Napa_earthquake,1989_Loma_Prieta_earthquake,1
2014_United_States_Senate_election_in_Alaska,Dan_Sullivan_(U.S._senator),1
2014_United_States_Senate_election_in_Alaska,Mark_Begich,1
2016_Kaikōura_earthquake,List_of_earthquakes_in_New_Zealand,1
2016_United_States_Senate_election_in_Alaska,Lisa_Murkowski,1
2017_Puebla_earthquake,1985_Mexico_City_earthquake,1
2018_Alaska_earthquake,2018_Anchorage_earthquake,1
2018_Alaska_earthquake,2018_Gulf_of_Alaska_earthquake,1
2018_Alaska_gubernatorial_election,2018_United_States_House_of_Representatives_election_in_Alaska,1
2018_Alaska_gubernatorial_election,Alaska,1
2018_Alaska_gubernatorial_election,Bill_Walker_(American_politician),1
2018_Alaska_gubernatorial_election,Kevin_Meyer_(politician),1
2018_Alaska_gubernatorial_election,Mark_Begich,1
2018_Anchorage_earthquake,1964_Alaska_earthquake,1
2018_Anchorage_earthquake,2001_Nisqually_earthquake,1
2018_Anchorage_earthquake,2016_Old_Iliamna_earthquake,1
2018_Anchorage_earthquake,2018_Gulf_of_Alaska_earthquake,1
2018_Anchorage_earthquake,Alaska,1
2018_Anchorage_earthquake,Alaska_Railroad,1
2018_Anchorage_earthquake,Alaska_Time_Zone,1
2018_Anchorage_earthquake,Aleutian_Trench,1
2018_Anchorage_earthquake,"Anchorage,_Alaska",1
2018_Anchorage_earthquake,Bill_Walker_(American_politician),1
2018_Anchorage_earthquake,Ethan_Berkowitz,1
2018_Anchorage_earthquake,"Fairbanks,_Alaska",1
2018_Anchorage_earthquake,Fault_(geology),1
2018_Anchorage_earthquake,Glenn_Highway,1
2018_Anchorage_earthquake,Joint_Base_Elmendorf–Richardson,1
2018_Anchorage_earthquake,KTVA,1
2018_Anchorage_earthquake,Kenai_Peninsula,1
2018_Anchorage_earthquake,List_of_earthquakes_in_2018,1
2018_Anchorage_earthquake,List_of_earthquakes_in_Alaska,1
2018_Anchorage_earthquake,Megathrust_earthquake,1
2018_Anchorage_earthquake,Modified_Mercalli_intensity_scale,1
2018_Anchorage_earthquake,National_Tsunami_Warning_Center,1
2018_Anchorage_earthquake,"Palmer,_Alaska",1
2018_Anchorage_earthquake,People_Mover_(Anchorage),1
2018_Anchorage_earthquake,Seismic_magnitude_scales,1
2018_Anchorage_earthquake,Soil_liquefaction,1
2018_Anchorage_earthquake,Ted_Stevens_Anchorage_International_Airport,1
2018_Anchorage_earthquake,Trans-Alaska_Pipeline_System,1
2018_Gulf_of_Alaska_earthquake,2018_Anchorage_earthquake,1
2018_Gulf_of_Alaska_earthquake,Fault_(geology),1
2018_Gulf_of_Alaska_earthquake,Megathrust_earthquake,1
2018_Gulf_of_Alaska_earthquake,Seismic_magnitude_scales,1
2018_Osaka_earthquake,Japan_Meteorological_Agency_seismic_intensity_scale,1
2018_Sulawesi_earthquake_and_tsunami,2004_Indian_Ocean_earthquake_and_tsunami,1
2018_Sulawesi_earthquake_and_tsunami,2018_East_Java_earthquake,1
2018_Sulawesi_earthquake_and_tsunami,2018_West_Java_earthquake,1
2018_Sulawesi_earthquake_and_tsunami,5_August_2018_Lombok_earthquake,1
2018_Sulawesi_earthquake_and_tsunami,Earthquake,1
2018_Sulawesi_earthquake_and_tsunami,Fault_(geology),1
2018_Sulawesi_earthquake_and_tsunami,Foreshock,1
2018_Sulawesi_earthquake_and_tsunami,July_2018_Lombok_earthquake,1
2018_Sulawesi_earthquake_and_tsunami,List_of_earthquakes_in_2018,1
2018_Sulawesi_earthquake_and_tsunami,Modified_Mercalli_intensity_scale,1
2018_Sulawesi_earthquake_and_tsunami,Seismic_magnitude_scales,1
2018_Sulawesi_earthquake_and_tsunami,Soil_liquefaction,1
2018_Sulawesi_earthquake_and_tsunami,Tsunami_warning_system,1
2018_United_States_House_of_Representatives_election_in_Alaska,2018_Alaska_gubernatorial_election,1
2018_United_States_House_of_Representatives_election_in_Alaska,Don_Young,1
2018_in_American_television,KTVA,1
2018_in_the_United_States,2018_Anchorage_earthquake,1
2018_in_the_United_States,2018_in_American_television,1
2018_in_the_United_States,Donald_Trump,1
2018_in_the_United_States,United_States,1
2019_Iditarod,Iditarod_Trail_Sled_Dog_Race,1
"2nd_Infantry_Brigade_Combat_Team_(Airborne),_11th_Airborne_Division",Joint_Base_Elmendorf–Richardson,1
365_Crete_earthquake,List_of_tsunamis,1
365_Crete_earthquake,Modified_Mercalli_intensity_scale,1
5_August_2018_Lombok_earthquake,July_2018_Lombok_earthquake,1
African_Americans,Asian_Americans,1
African_Americans,Hispanic_and_Latino_Americans,1
African_Americans,List_of_United_States_urban_areas,1
African_Americans,Multiracial_Americans,1
African_Americans,President_of_the_United_States,1
African_Americans,White_Americans,1
Aftershock,Earthquake,1
Aftershock,Foreshock,1
Agriculture_in_Alaska,Matanuska-Susitna_Valley,1
Air_Force_One,Donald_Trump,1
Air_Force_One,President_of_the_United_States,1
Alaska,1964_Alaska_earthquake,1
Alaska,1989_Loma_Prieta_earthquake,1
Alaska,2016_United_States_presidential_election_in_Alaska,1
Alaska,Alaska_Airlines,1
Alaska,Alaska_House_of_Representatives,1
Alaska,Alaska_Natives,1
Alaska,Alaska_North_Slope,1
Alaska,Alaska_Peninsula,1
Alaska,Alaska_Purchase,1
Alaska,Alaska_Railroad,1
Alaska,Alaska_Senate,1
Alaska,Alaska_State_Troopers,1
Alaska,Alaska_Time_Zone,1
Alaska,Aleut,1
Alaska,Aleutian_Islands,1
Alaska,"Anchorage,_Alaska",1
Alaska,Anchorage_metropolitan_area,1
Alaska,Asian_Americans,1
Alaska,Attu_Island,1
Alaska,Bill_Walker_(American_politician),1
Alaska,California,1
Alaska,Chris_McCandless,1
Alaska,Climate_of_Alaska,1
Alaska,Contiguous_United_States,1
Alaska,Dan_Sullivan_(U.S._senator),1
Alaska,Demographics_of_Alaska,1
Alaska,Demonym,1
Alaska,Denali,1
Alaska,Denali_National_Park_and_Preserve,1
Alaska,Denaʼina_language,1
Alaska,Don_Young,1
Alaska,"Fairbanks,_Alaska",1
Alaska,Grizzly_bear,1
Alaska,"Homer,_Alaska",1
Alaska,"Houston,_Alaska",1
Alaska,Iditarod_Trail_Sled_Dog_Race,1
Alaska,Interior_Alaska,1
Alaska,Jewel_(singer),1
Alaska,"Juneau,_Alaska",1
Alaska,"Kenai,_Alaska",1
Alaska,Kenai_Peninsula,1
Alaska,"Ketchikan,_Alaska",1
Alaska,Kevin_Meyer_(politician),1
Alaska,"Knik-Fairview,_Alaska",1
Alaska,"Kodiak,_Alaska",1
Alaska,Kodiak_Island,1
Alaska,Köppen_climate_classification,1
Alaska,Lisa_Murkowski,1
Alaska,List_of_Alaska_locations_by_per_capita_income,1
Alaska,List_of_Interstate_Highways_in_Alaska,1
Alaska,List_of_boroughs_and_census_areas_in_Alaska,1
Alaska,List_of_cities_in_Alaska,1
Alaska,List_of_colleges_and_universities_in_Alaska,1
Alaska,List_of_largest_cities_of_U.S._states_and_territories_by_population,1
Alaska,List_of_states_and_territories_of_the_United_States,1
Alaska,Lists_of_earthquakes,1
Alaska,Matanuska-Susitna_Valley,1
Alaska,Moose,1
Alaska,Mushing,1
Alaska,Native_Americans_in_the_United_States,1
Alaska,"Nome,_Alaska",1
Alaska,North_America,1
Alaska,"North_Pole,_Alaska",1
Alaska,Outside_(Alaska),1
Alaska,Politics_of_Alaska,1
Alaska,"Prudhoe_Bay,_Alaska",1
Alaska,Prudhoe_Bay_Oil_Field,1
Alaska,Sarah_Palin,1
Alaska,"Sitka,_Alaska",1
Alaska,Southcentral_Alaska,1
Alaska,Southeast_Alaska,1
Alaska,Tagalog_language,1
Alaska,"Talkeetna,_Alaska",1
Alaska,Ted_Stevens_Anchorage_International_Airport,1
Alaska,Territories_of_the_United_States,1
Alaska,Trans-Alaska_Pipeline_System,1
Alaska,Turnagain_Arm,1
Alaska,U.S._state,1
Alaska,United_States,1
Alaska,University_of_Alaska_Anchorage,1
Alaska,University_of_Alaska_Fairbanks,1
Alaska,University_of_Alaska_system,1
Alaska,"Unorganized_Borough,_Alaska",1
Alaska,"Utqiagvik,_Alaska",1
Alaska,"Valdez,_Alaska",1
Alaska,"Wasilla,_Alaska",1
Alaska,White_Americans,1
Alaska,William_H._Seward,1
Alaska_Aces_(ECHL),"Anchorage,_Alaska",1
Alaska_Aces_(ECHL),ECHL,1
Alaska_Aces_(ECHL),Maine_Mariners_(ECHL),1
Alaska_Aces_(ECHL),Scott_Gomez,1
Alaska_Aces_(ECHL),Sullivan_Arena,1
Alaska_Airlines,"Anchorage,_Alaska",1
Alaska_Airlines,List_of_Alaska_Airlines_destinations,1
Alaska_Airlines,Ravn_Alaska,1
Alaska_Airlines,Ted_Stevens_Anchorage_International_Airport,1
Alaska_Anchorage_Seawolves,Alaska_Airlines_Center,1
Alaska_Anchorage_Seawolves,Great_Alaska_Shootout,1
Alaska_Anchorage_Seawolves,Great_Northwest_Athletic_Conference,1
Alaska_Anchorage_Seawolves,University_of_Alaska_Anchorage,1
Alaska_Baseball_League,Anchorage_Bucs,1
Alaska_House_of_Representatives,Alaska,1
Alaska_House_of_Representatives,Alaska_Democratic_Party,1
Alaska_House_of_Representatives,Alaska_Senate,1
Alaska_Natives,Alaska,1
Alaska_Natives,Alaska_Native_corporation,1
Alaska_Natives,Aleut,1
Alaska_Natives,Iñupiat,1
Alaska_Natives,Native_Americans_in_the_United_States,1
Alaska_Natives,Yup'ik,1
Alaska_North_Slope,Brooks_Range,1
Alaska_North_Slope,"North_Slope_Borough,_Alaska",1
Alaska_North_Slope,Prudhoe_Bay_Oil_Field,1
Alaska_Peninsula,Alaska,1
Alaska_Peninsula,Aleutian_Islands,1
Alaska_Purchase,Alaska,1
Alaska_Purchase,Alaska_Natives,1
Alaska_Purchase,Alaska_Peninsula,1
Alaska_Purchase,"Sitka,_Alaska",1
Alaska_Purchase,United_States,1
Alaska_Purchase,William_H._Seward,1
Alaska_Railroad,Ted_Stevens_Anchorage_International_Airport,1
Alaska_Railroad,"Whittier,_Alaska",1
Alaska_Senate,Alaska_Democratic_Party,1
Alaska_Senate,Alaska_House_of_Representatives,1
Alaska_Senate,Tom_Begich,1
Alaska_State_Troopers,Alaska_State_Troopers_(TV_series),1
Alaska_State_Troopers,Anchorage_Police_Department,1
Alaska_State_Troopers,"North_Slope_Borough,_Alaska",1
Alaska_State_Troopers_(TV_series),Alaska_State_Troopers,1
Alaska_Time_Zone,Aleutian_Islands,1
Alaska_Time_Zone,"Anchorage,_Alaska",1
Alaska_Time_Zone,UTC−09:00,1
Alaskan_Command,Joint_Base_Elmendorf–Richardson,1
Albertville,1992_Winter_Olympics,1
Aleut,Alaska,1
Aleut,Aleutian_Islands,1
Aleut,Attu_Island,1
Aleutian_Islands,2014_Aleutian_Islands_earthquake,1
Aleutian_Islands,Alaska,1
Aleutian_Islands,Alaska_Peninsula,1
Aleutian_Islands,Alaska_Purchase,1
Aleutian_Islands,Aleut,1
Aleutian_Islands,Attu_Island,1
Aleutian_Islands,List_of_extreme_points_of_the_United_States,1
Aleutian_Islands,"Sitka,_Alaska",1
Aleutian_Trench,Aleutian_Islands,1
Alyeska_Resort,"Girdwood,_Anchorage,_Alaska",1
American_black_bear,Grizzly_bear,1
American_black_bear,North_America,1
"Anchorage,_Alaska",1964_Alaska_earthquake,1
"Anchorage,_Alaska",2018_Alaska_gubernatorial_election,1
"Anchorage,_Alaska",2018_United_States_House_of_Representatives_election_in_Alaska,1
"Anchorage,_Alaska",Alaska,1
"Anchorage,_Alaska",Alaska_Aces_(ECHL),1
"Anchorage,_Alaska",Alaska_Baseball_League,1
"Anchorage,_Alaska",Alaska_House_of_Representatives,1
"Anchorage,_Alaska",Alaska_Natives,1
"Anchorage,_Alaska",Alaska_Pacific_University,1
"Anchorage,_Alaska",Alaska_Purchase,1
"Anchorage,_Alaska",Alaska_Railroad,1
"Anchorage,_Alaska",Alaska_Route_1,1
"Anchorage,_Alaska",Alaska_Senate,1
"Anchorage,_Alaska",Alaska_Zoo,1
"Anchorage,_Alaska",All-America_City_Award,1
"Anchorage,_Alaska",Alyeska_Resort,1
"Anchorage,_Alaska",Anchorage_(maritime),1
"Anchorage,_Alaska",Anchorage_Football_Stadium,1
"Anchorage,_Alaska",Anchorage_Museum,1
"Anchorage,_Alaska",Anchorage_Police_Department,1
"Anchorage,_Alaska",Anchorage_School_District,1
"Anchorage,_Alaska",Anchorage_metropolitan_area,1
"Anchorage,_Alaska","Bootleggers_Cove,_Anchorage",1
"Anchorage,_Alaska",Brandon_Dubinsky,1
"Anchorage,_Alaska",Chamaenerion_angustifolium,1
"Anchorage,_Alaska",Chugach_Mountains,1
"Anchorage,_Alaska",Chugach_State_Park,1
"Anchorage,_Alaska","Chugiak,_Anchorage",1
"Anchorage,_Alaska",Climate_of_Anchorage,1
"Anchorage,_Alaska",Conoco-Phillips_Building,1
"Anchorage,_Alaska",Consolidated_city-county,1
"Anchorage,_Alaska",Cook_Inlet,1
"Anchorage,_Alaska",Denali,1
"Anchorage,_Alaska",Denaʼina,1
"Anchorage,_Alaska",Denaʼina_language,1
"Anchorage,_Alaska","Eagle_River,_Anchorage",1
"Anchorage,_Alaska",Elmendorf_Air_Force_Base,1
"Anchorage,_Alaska",Ethan_Berkowitz,1
"Anchorage,_Alaska","Fairbanks,_Alaska",1
"Anchorage,_Alaska",FedEx,1
"Anchorage,_Alaska","Fire_Island_(Anchorage,_Alaska)",1
"Anchorage,_Alaska","Flattop_Mountain_(Anchorage,_Alaska)",1
"Anchorage,_Alaska",Fort_Richardson_(Alaska),1
"Anchorage,_Alaska",Frankfurt,1
"Anchorage,_Alaska","Girdwood,_Anchorage,_Alaska",1
"Anchorage,_Alaska",Great_Alaska_Shootout,1
"Anchorage,_Alaska","History_of_Anchorage,_Alaska",1
"Anchorage,_Alaska",Hmong_Americans,1
"Anchorage,_Alaska",Iditarod_Trail_Sled_Dog_Race,1
"Anchorage,_Alaska",Interior_Alaska,1
"Anchorage,_Alaska",Irene_Bedard,1
"Anchorage,_Alaska",Joint_Base_Elmendorf–Richardson,1
"Anchorage,_Alaska",Joint_base,1
"Anchorage,_Alaska","Juneau,_Alaska",1
"Anchorage,_Alaska",KTUU-TV,1
"Anchorage,_Alaska",Kikkan_Randall,1
"Anchorage,_Alaska",Kiplinger,1
"Anchorage,_Alaska",Kira_Buckland,1
"Anchorage,_Alaska",Lael_Wilcox,1
"Anchorage,_Alaska",Lake_Hood_Seaplane_Base,1
"Anchorage,_Alaska",List_of_Interstate_Highways_in_Alaska,1
"Anchorage,_Alaska",List_of_United_States_cities_by_population,1
"Anchorage,_Alaska",List_of_airports_in_Alaska,1
"Anchorage,_Alaska",List_of_boroughs_and_census_areas_in_Alaska,1
"Anchorage,_Alaska",List_of_cities_in_Alaska,1
"Anchorage,_Alaska",List_of_largest_cities_of_U.S._states_and_territories_by_population,1
"Anchorage,_Alaska","List_of_neighborhoods_of_Anchorage,_Alaska",1
"Anchorage,_Alaska",List_of_tallest_buildings_in_Anchorage,1
"Anchorage,_Alaska",Lists_of_earthquakes,1
"Anchorage,_Alaska",Mario_Chalmers,1
"Anchorage,_Alaska",Mark_Begich,1
"Anchorage,_Alaska","Matanuska-Susitna_Borough,_Alaska",1
"Anchorage,_Alaska",Memphis_International_Airport,1
"Anchorage,_Alaska",Merrill_Field,1
"Anchorage,_Alaska",Metropolitan_area,1
"Anchorage,_Alaska",Metropolitan_statistical_area,1
"Anchorage,_Alaska",Moose's_Tooth_Pub_&_Pizzeria,1
"Anchorage,_Alaska",Mount_Redoubt,1
"Anchorage,_Alaska",Mudflat,1
"Anchorage,_Alaska",Municipal_council,1
"Anchorage,_Alaska",Murmansk,1
"Anchorage,_Alaska",New_York_(state),1
"Anchorage,_Alaska",Northwestern_wolf,1
"Anchorage,_Alaska",People_Mover_(Anchorage),1
"Anchorage,_Alaska",Providence_Alaska_Medical_Center,1
"Anchorage,_Alaska",Reykjavík,1
"Anchorage,_Alaska",Rhode_Island,1
"Anchorage,_Alaska",Scott_Gomez,1
"Anchorage,_Alaska",Subarctic_climate,1
"Anchorage,_Alaska",Ted_Stevens_Anchorage_International_Airport,1
"Anchorage,_Alaska",Tom_Begich,1
"Anchorage,_Alaska",Tony_Barnette,1
"Anchorage,_Alaska",Turnagain_Arm,1
"Anchorage,_Alaska",U.S._state,1
"Anchorage,_Alaska",USS_Anchorage_(LPD-23),1
"Anchorage,_Alaska",University_of_Alaska_Anchorage,1
"Anchorage,_Alaska",Urban_area,1
"Anchorage,_Alaska","Wasilla,_Alaska",1
"Anchorage,_Alaska","Whittier,_Alaska",1
"Anchorage,_Alaska",William_H._Seward,1
Anchorage_(song),Michelle_Shocked,1
Anchorage_School_District,Bartlett_High_School_(Alaska),1
Anchorage_School_District,Dimond_High_School,1
Anchorage_metropolitan_area,"Anchorage,_Alaska",1
Anchorage_metropolitan_area,"Knik-Fairview,_Alaska",1
Anchorage_metropolitan_area,"Matanuska-Susitna_Borough,_Alaska",1
Apollo_11,Coordinated_Universal_Time,1
Apollo_11,President_of_the_United_States,1
April_2015_Nepal_earthquake,May_2015_Nepal_earthquake,1
April_2015_Nepal_earthquake,Modified_Mercalli_intensity_scale,1
April_2015_Nepal_earthquake,Moment_magnitude_scale,1
April_2015_Nepal_earthquake,Surface-wave_magnitude,1
Asian_Americans,African_Americans,1
Asian_Americans,California,1
Asian_Americans,Filipino_Americans,1
Asian_Americans,Hmong_Americans,1
Asian_Americans,New_York_(state),1
Attu_Island,Alaska,1
Attu_Island,Aleutian_Islands,1
Balto,1925_serum_run_to_Nome,1
Balto,"Anchorage,_Alaska",1
Balto,"Nenana,_Alaska",1
Balto,"Nome,_Alaska",1
Bill_Walker_(American_politician),2018_Alaska_gubernatorial_election,1
Bill_Walker_(American_politician),Dan_Sullivan_(Anchorage_mayor),1
Bill_Walker_(American_politician),"Fairbanks,_Alaska",1
Bill_Walker_(American_politician),Mark_Begich,1
Bill_Walker_(American_politician),"Valdez,_Alaska",1
Bill_Walker_(American_politician),Wally_Hickel,1
Borough_(United_States),List_of_boroughs_and_census_areas_in_Alaska,1
Borough_(United_States),"Unorganized_Borough,_Alaska",1
Boston,Asian_Americans,1
Boston,Hispanic_and_Latino_Americans,1
Boston,List_of_United_States_cities_by_population,1
Boston,List_of_United_States_urban_areas,1
Boston,Metropolitan_area,1
Boston,Metropolitan_statistical_area,1
Boston,New_York_City,1
Boston,Non-Hispanic_whites,1
Boston,Philadelphia,1
Boston,"Portland,_Maine",1
Boston,United_States,1
Boston,Urban_area,1
Boston,White_Americans,1
Bristol_Palin,Alaska,1
Bristol_Palin,"Anchorage,_Alaska",1
Bristol_Palin,John_McCain,1
Bristol_Palin,Sarah_Palin,1
Bristol_Palin,"Wasilla,_Alaska",1
British_Airways_Flight_009,Mount_Redoubt,1
California,1906_San_Francisco_earthquake,1
California,African_Americans,1
California,Alaska,1
California,Alaska_Natives,1
California,Asian_Americans,1
California,Democratic_Party_(United_States),1
California,Demonym,1
California,Hispanic_and_Latino_Americans,1
California,List_of_United_States_cities_by_population,1
California,List_of_capitals_in_the_United_States,1
California,List_of_largest_cities_of_U.S._states_and_territories_by_population,1
California,Metropolitan_statistical_area,1
California,New_York_(state),1
California,New_York_City,1
California,Non-Hispanic_whites,1
California,San_Andreas_Fault,1
California,Tagalog_language,1
California,U.S._state,1
California,United_States,1
California,White_Americans,1
Centers_for_Disease_Control_and_Prevention,United_States,1
Charles_Francis_Richter,Richter_magnitude_scale,1
Chris_McCandless,Alaska,1
Chris_McCandless,"Anchorage,_Alaska",1
Chris_McCandless,Denali_National_Park_and_Preserve,1
Chris_McCandless,"Fairbanks,_Alaska",1
Chris_McCandless,Moose,1
City_of_Darwin,"Darwin,_Northern_Territory",1
Climate_of_Alaska,"Anchorage,_Alaska",1
Climate_of_Alaska,"Fairbanks,_Alaska",1
Climate_of_Alaska,"Juneau,_Alaska",1
Climate_of_Alaska,Subarctic_climate,1
Climate_of_Alaska,"Utqiagvik,_Alaska",1
Climate_of_Anchorage,"Anchorage,_Alaska",1
Conoco-Phillips_Building,List_of_tallest_buildings_by_U.S._state_and_territory,1
Conoco-Phillips_Building,Robert_B._Atwood_Building,1
Consolidated_city-county,Philadelphia,1
Consolidated_city-county,"Sitka,_Alaska",1
Contiguous_United_States,Alaska,1
Contiguous_United_States,California,1
Contiguous_United_States,Great_circle,1
Contiguous_United_States,List_of_extreme_points_of_the_United_States,1
Contiguous_United_States,New_York_(state),1
Contiguous_United_States,North_America,1
Contiguous_United_States,Outside_(Alaska),1
Contiguous_United_States,U.S._state,1
Contiguous_United_States,United_States,1
Cook_Inlet,"Anchorage,_Alaska",1
Coordinated_Universal_Time,List_of_UTC_offsets,1
County_statistics_of_the_United_States,Borough_(United_States),1
County_statistics_of_the_United_States,List_of_United_States_counties_and_county_equivalents,1
County_statistics_of_the_United_States,"North_Slope_Borough,_Alaska",1
County_statistics_of_the_United_States,"Unorganized_Borough,_Alaska",1
"Crescent_City,_California",1964_Alaska_earthquake,1
Dan_Sullivan_(Anchorage_mayor),Dan_Sullivan_(U.S._senator),1
Dan_Sullivan_(Anchorage_mayor),Ethan_Berkowitz,1
Dan_Sullivan_(U.S._senator),2014_United_States_Senate_election_in_Alaska,1
Dan_Sullivan_(U.S._senator),Alaska,1
Dan_Sullivan_(U.S._senator),Dan_Sullivan_(Anchorage_mayor),1
Dan_Sullivan_(U.S._senator),Lisa_Murkowski,1
Dan_Sullivan_(U.S._senator),Mark_Begich,1
Dan_Sullivan_(U.S._senator),Sarah_Palin,1
"Darwin,_Northern_Territory",City_of_Darwin,1
December_21,Pan_Am_Flight_103,1
December_21,Winter_solstice,1
December_solstice,Winter_solstice,1
Democratic_Party_(United_States),African_Americans,1
Democratic_Party_(United_States),Asian_Americans,1
Democratic_Party_(United_States),Boston,1
Democratic_Party_(United_States),California,1
Democratic_Party_(United_States),Donald_Trump,1
Democratic_Party_(United_States),Hispanic_and_Latino_Americans,1
Democratic_Party_(United_States),New_York_(state),1
Democratic_Party_(United_States),New_York_City,1
Democratic_Party_(United_States),President_of_the_United_States,1
Democratic_Party_(United_States),Territories_of_the_United_States,1
Demographics_of_Alaska,Alaska_Natives,1
Demographics_of_Alaska,List_of_cities_in_Alaska,1
Demonym,United_States,1
Denali,Alaska,1
Denali,Denali_National_Park_and_Preserve,1
Denali,Mount_Everest,1
Denali,Mount_Logan,1
Denali,North_America,1
Denali_National_Park_and_Preserve,Chris_McCandless,1
Denali_National_Park_and_Preserve,Denali,1
Denali_National_Park_and_Preserve,Interior_Alaska,1
"Diomede,_Alaska",Alaska_Purchase,1
"Diomede,_Alaska",Iñupiat,1
"Diomede,_Alaska","Nome,_Alaska",1
"Diomede,_Alaska","Unorganized_Borough,_Alaska",1
Don_Young,2018_United_States_House_of_Representatives_election_in_Alaska,1
Don_Young,Alaska,1
Don_Young,Alaska_House_of_Representatives,1
Don_Young,Alaska_Senate,1
Don_Young,Ethan_Berkowitz,1
Donald_Trump,California,1
Donald_Trump,Democratic_Party_(United_States),1
Donald_Trump,John_McCain,1
Donald_Trump,Mitt_Romney,1
Donald_Trump,New_York_City,1
Donald_Trump,President_of_the_United_States,1
Downtown_Anchorage,"Anchorage,_Alaska",1
ECHL,Alaska_Aces_(ECHL),1
ECHL,Maine_Mariners_(ECHL),1
"Eagle_River,_Anchorage","Anchorage,_Alaska",1
Earthquake,1556_Shaanxi_earthquake,1
Earthquake,1755_Lisbon_earthquake,1
Earthquake,1906_San_Francisco_earthquake,1
Earthquake,1908_Messina_earthquake,1
Earthquake,1957_Andreanof_Islands_earthquake,1
Earthquake,1960_Valdivia_earthquake,1
Earthquake,1964_Alaska_earthquake,1
Earthquake,2004_Indian_Ocean_earthquake_and_tsunami,1
Earthquake,2008_Sichuan_earthquake,1
Earthquake,Aftershock,1
Earthquake,Fault_(geology),1
Earthquake,Great_Hanshin_earthquake,1
Earthquake,Lists_of_earthquakes,1
Earthquake,Megathrust_earthquake,1
Earthquake,P_wave,1
Earthquake,Richter_magnitude_scale,1
Earthquake,S_wave,1
Earthquake,San_Andreas_Fault,1
Earthquake,Seismic_magnitude_scales,1
Earthquake,Seismometer,1
Earthquake,Soil_liquefaction,1
Earthquake,Submarine_earthquake,1
Earthquake,Tsunami,1
Earthquake,United_States_Geological_Survey,1
Earthquake_engineering,Earthquake,1
Effect_of_the_2004_Indian_Ocean_earthquake_on_India,2004_Indian_Ocean_earthquake_and_tsunami,1
Elmendorf_Air_Force_Base,Alaskan_Command,1
Elmendorf_Air_Force_Base,"Anchorage,_Alaska",1
Elmendorf_Air_Force_Base,Fort_Richardson_(Alaska),1
Elmendorf_Air_Force_Base,Joint_Base_Elmendorf–Richardson,1
Era_Aviation,Ravn_Alaska,1
Ethan_Berkowitz,Dan_Sullivan_(Anchorage_mayor),1
Ethan_Berkowitz,"List_of_mayors_of_Anchorage,_Alaska",1
Everest_base_camps,Mount_Everest,1
"Fairbanks,_Alaska",Alaska,1
"Fairbanks,_Alaska",Alaska_Railroad,1
"Fairbanks,_Alaska","Anchorage,_Alaska",1
"Fairbanks,_Alaska",Fairbanks_International_Airport,1
"Fairbanks,_Alaska",Interior_Alaska,1
"Fairbanks,_Alaska","Juneau,_Alaska",1
"Fairbanks,_Alaska",Metropolitan_area,1
"Fairbanks,_Alaska","Nenana,_Alaska",1
"Fairbanks,_Alaska","North_Pole,_Alaska",1
"Fairbanks,_Alaska",Outside_(Alaska),1
"Fairbanks,_Alaska",Subarctic_climate,1
"Fairbanks,_Alaska",Trans-Alaska_Pipeline_System,1
"Fairbanks,_Alaska",University_of_Alaska_Fairbanks,1
"Fairbanks,_Alaska",University_of_Alaska_system,1
Fairbanks_International_Airport,"Fairbanks,_Alaska",1
Fairbanks_International_Airport,Ravn_Alaska,1
Fairbanks_International_Airport,Ted_Stevens_Anchorage_International_Airport,1
Fault_(geology),Earthquake,1
Fault_(geology),Subduction,1
FedEx,FedEx_Express,1
FedEx,Multinational_corporation,1
FedEx_Express,FedEx,1
FedEx_Express,Memphis_International_Airport,1
FedEx_Express,Ted_Stevens_Anchorage_International_Airport,1
Federal_Aviation_Administration,United_States,1
Filipino_Americans,California,1
Foreshock,1960_Valdivia_earthquake,1
Foreshock,2004_Indian_Ocean_earthquake_and_tsunami,1
Foreshock,Aftershock,1
Fort_Richardson_(Alaska),"2nd_Infantry_Brigade_Combat_Team_(Airborne),_11th_Airborne_Division",1
Fort_Richardson_(Alaska),Elmendorf_Air_Force_Base,1
Fort_Richardson_(Alaska),Joint_Base_Elmendorf–Richardson,1
Frankfurt,Metropolitan_area,1
Frankfurt,Urban_area,1
Fukushima_nuclear_disaster,869_Jōgan_earthquake,1
Fukushima_nuclear_disaster,International_Nuclear_Event_Scale,1
Fukushima_nuclear_disaster,Tsunami,1
"Girdwood,_Anchorage,_Alaska",Alyeska_Resort,1
Glenn_Highway,Alaska_Route_1,1
Great_Alaska_Shootout,Alaska_Airlines_Center,1
Great_Alaska_Shootout,Sullivan_Arena,1
Great_Hanshin_earthquake,2018_Osaka_earthquake,1
Great_Hanshin_earthquake,Japan_Meteorological_Agency_seismic_intensity_scale,1
Great_Hanshin_earthquake,List_of_earthquakes_in_Japan,1
Great_Hanshin_earthquake,Moment_magnitude_scale,1
Great_Northwest_Athletic_Conference,University_of_Alaska_Anchorage,1
Great_Northwest_Athletic_Conference,University_of_Alaska_Fairbanks,1
Grizzly_bear,American_black_bear,1
Grizzly_bear,Denali_National_Park_and_Preserve,1
Grizzly_bear,Kodiak_Island,1
Grizzly_bear,Moose,1
Grizzly_bear,North_America,1
Gulf_of_Alaska,Alaska,1
Hayden_Panettiere,Bristol_Palin,1
Helsinki,Metropolitan_area,1
Helsinki,Oslo,1
Helsinki,Saint_Petersburg,1
Helsinki,Stockholm,1
Hispanic_and_Latino_Americans,2010_United_States_census,1
Hispanic_and_Latino_Americans,African_Americans,1
Hispanic_and_Latino_Americans,Asian_Americans,1
Hispanic_and_Latino_Americans,Native_Americans_in_the_United_States,1
Hispanic_and_Latino_Americans,Non-Hispanic_whites,1
Hispanic_and_Latino_Americans,Stateside_Puerto_Ricans,1
Hispanic_and_Latino_Americans,United_States,1
Hmong_Americans,Hmong_language,1
Hmong_language,Hmong_Americans,1
"Homer,_Alaska",Alaska,1
"Homer,_Alaska","Anchorage,_Alaska",1
"Homer,_Alaska",Jewel_(singer),1
"Homer,_Alaska",Kenai_Peninsula,1
"Homer,_Alaska","Kenai_Peninsula_Borough,_Alaska",1
Iditarod_Trail_Sled_Dog_Race,1925_serum_run_to_Nome,1
Iditarod_Trail_Sled_Dog_Race,Alaska,1
Iditarod_Trail_Sled_Dog_Race,"Anchorage,_Alaska",1
Iditarod_Trail_Sled_Dog_Race,Balto,1
Iditarod_Trail_Sled_Dog_Race,Iñupiat,1
Iditarod_Trail_Sled_Dog_Race,Mushing,1
Iditarod_Trail_Sled_Dog_Race,"Nome,_Alaska",1
Interior_Alaska,Alaska,1
Interior_Alaska,"Fairbanks,_Alaska",1
International_Nuclear_Event_Scale,Fukushima_nuclear_disaster,1
Irene_Bedard,"Anchorage,_Alaska",1
Irene_Bedard,Iñupiat,1
Israel_Keyes,"Anchorage,_Alaska",1
Israel_Keyes,List_of_Alaska_state_prisons,1
James_Dale_Ritchie,Trajan_Langdon,1
Japan_Air_Lines_Cargo_Flight_1628_incident,Denali,1
Japan_Meteorological_Agency_seismic_intensity_scale,Modified_Mercalli_intensity_scale,1
Jared_Cannonier,"Anchorage,_Alaska",1
Jewel_(singer),Alaska,1
Jewel_(singer),"Homer,_Alaska",1
John_McCain,Donald_Trump,1
John_McCain,Mitt_Romney,1
John_McCain,President_of_the_United_States,1
John_McCain,Sarah_Palin,1
July_2018_Lombok_earthquake,5_August_2018_Lombok_earthquake,1
"Juneau,_Alaska",Alaska,1
"Juneau,_Alaska","Anchorage,_Alaska",1
"Juneau,_Alaska","Fairbanks,_Alaska",1
"Juneau,_Alaska",List_of_United_States_cities_by_area,1
"Juneau,_Alaska",List_of_capitals_in_the_United_States,1
"Juneau,_Alaska","Sitka,_Alaska",1
"Juneau,_Alaska",Southeast_Alaska,1
"Juneau,_Alaska",Vladivostok,1
KTUU-TV,KAUU,1
KTUU-TV,KTVA,1
KTVA,GCI_(company),1
KTVA,KTUU-TV,1
"Kenai,_Alaska","Kenai_Peninsula_Borough,_Alaska",1
Kenai_Peninsula,"Homer,_Alaska",1
Kenai_Peninsula,"Kenai,_Alaska",1
Kenai_Peninsula,"Kenai_Peninsula_Borough,_Alaska",1
Kenai_Peninsula,"Seward,_Alaska",1
Kenai_Peninsula,Southcentral_Alaska,1
"Kenai_Peninsula_Borough,_Alaska","Homer,_Alaska",1
"Kenai_Peninsula_Borough,_Alaska","Kenai,_Alaska",1
"Kenai_Peninsula_Borough,_Alaska",Kenai_Peninsula,1
"Kenai_Peninsula_Borough,_Alaska","Soldotna,_Alaska",1
"Ketchikan,_Alaska",Alaska,1
"Ketchikan,_Alaska","Juneau,_Alaska",1
Kevin_Meyer_(politician),Alaska_Senate,1
"Kodiak,_Alaska",Alaska,1
"Kodiak,_Alaska",Alaska_Purchase,1
"Kodiak,_Alaska",Kodiak_Island,1
Kodiak_Archipelago,Kodiak_Island,1
Kodiak_Island,1964_Alaska_earthquake,1
Kodiak_Island,Alaska,1
Kodiak_Island,"Kodiak,_Alaska",1
Kodiak_Island,Kodiak_Archipelago,1
Kodiak_Island,Novarupta,1
Kodiak_Island,University_of_Alaska_Anchorage,1
Korean_Air_Lines_Flight_007,"Anchorage,_Alaska",1
Larry_Csonka,"Wasilla,_Alaska",1
Larry_Sanger,"Anchorage,_Alaska",1
Lisa_Murkowski,2016_United_States_Senate_election_in_Alaska,1
Lisa_Murkowski,Alaska,1
Lisa_Murkowski,Alaska_House_of_Representatives,1
Lisa_Murkowski,Dan_Sullivan_(U.S._senator),1
Lisa_Murkowski,"Ketchikan,_Alaska",1
Lisa_Murkowski,Sarah_Palin,1
List_of_Alaska_Airlines_destinations,Ted_Stevens_Anchorage_International_Airport,1
List_of_FBI_field_offices,New_York_City,1
List_of_Interstate_Highways_in_Alaska,George_Parks_Highway,1
List_of_Interstate_Highways_in_Alaska,Glenn_Highway,1
List_of_Interstate_Highways_in_Alaska,Seward_Highway,1
List_of_UTC_offsets,Coordinated_Universal_Time,1
List_of_UTC_offsets,United_States,1
List_of_United_States_cities_by_area,2010_United_States_census,1
List_of_United_States_cities_by_area,"Anchorage,_Alaska",1
List_of_United_States_cities_by_area,Consolidated_city-county,1
List_of_United_States_cities_by_area,"Juneau,_Alaska",1
List_of_United_States_cities_by_area,List_of_United_States_cities_by_population,1
List_of_United_States_cities_by_area,New_York_City,1
List_of_United_States_cities_by_area,"Phoenix,_Arizona",1
List_of_United_States_cities_by_area,"Sitka,_Alaska",1
List_of_United_States_cities_by_crime_rate,"Anchorage,_Alaska",1
List_of_United_States_cities_by_crime_rate,Boston,1
List_of_United_States_cities_by_crime_rate,New_York_City,1
List_of_United_States_cities_by_crime_rate,Philadelphia,1
List_of_United_States_cities_by_population,2010_United_States_census,1
List_of_United_States_cities_by_population,Alaska,1
List_of_United_States_cities_by_population,"Anchorage,_Alaska",1
List_of_United_States_cities_by_population,Borough_(United_States),1
List_of_United_States_cities_by_population,Boston,1
List_of_United_States_cities_by_population,California,1
List_of_United_States_cities_by_population,Consolidated_city-county,1
List_of_United_States_cities_by_population,List_of_United_States_cities_by_area,1
List_of_United_States_cities_by_population,List_of_United_States_counties_and_county_equivalents,1
List_of_United_States_cities_by_population,List_of_largest_cities_of_U.S._states_and_territories_by_population,1
List_of_United_States_cities_by_population,"Manchester,_New_Hampshire",1
List_of_United_States_cities_by_population,Metropolitan_statistical_area,1
List_of_United_States_cities_by_population,New_York_(state),1
List_of_United_States_cities_by_population,New_York_City,1
List_of_United_States_cities_by_population,Philadelphia,1
List_of_United_States_cities_by_population,"Phoenix,_Arizona",1
List_of_United_States_cities_by_population,Rhode_Island,1
List_of_United_States_cities_by_population,Seattle,1
List_of_United_States_cities_by_population,United_States,1
List_of_United_States_cities_by_population,Urban_area,1
List_of_United_States_counties_and_county_equivalents,List_of_boroughs_and_census_areas_in_Alaska,1
List_of_United_States_urban_areas,2010_United_States_census,1
List_of_United_States_urban_areas,Boston,1
List_of_United_States_urban_areas,Metropolitan_statistical_area,1
List_of_United_States_urban_areas,New_York_City,1
List_of_United_States_urban_areas,Philadelphia,1
List_of_airports_in_Alaska,"Anchorage,_Alaska",1
List_of_airports_in_Alaska,Fairbanks_International_Airport,1
List_of_airports_in_Alaska,Lake_Hood_Seaplane_Base,1
List_of_airports_in_Alaska,Ted_Stevens_Anchorage_International_Airport,1
List_of_airports_in_the_United_States,List_of_airports_in_Alaska,1
List_of_airports_in_the_United_States,List_of_the_busiest_airports_in_the_United_States,1
List_of_airports_in_the_United_States,Ted_Stevens_Anchorage_International_Airport,1
List_of_airports_in_the_United_States,U.S._state,1
List_of_boroughs_and_census_areas_in_Alaska,Alaska,1
List_of_boroughs_and_census_areas_in_Alaska,"Aleutians_East_Borough,_Alaska",1
List_of_boroughs_and_census_areas_in_Alaska,"Anchorage,_Alaska",1
List_of_boroughs_and_census_areas_in_Alaska,Borough_(United_States),1
List_of_boroughs_and_census_areas_in_Alaska,"Bristol_Bay_Borough,_Alaska",1
List_of_boroughs_and_census_areas_in_Alaska,"Juneau,_Alaska",1
List_of_boroughs_and_census_areas_in_Alaska,"Kenai_Peninsula_Borough,_Alaska",1
List_of_boroughs_and_census_areas_in_Alaska,List_of_United_States_counties_and_county_equivalents,1
List_of_boroughs_and_census_areas_in_Alaska,"Matanuska-Susitna_Borough,_Alaska",1
List_of_boroughs_and_census_areas_in_Alaska,"North_Slope_Borough,_Alaska",1
List_of_boroughs_and_census_areas_in_Alaska,"Sitka,_Alaska",1
List_of_boroughs_and_census_areas_in_Alaska,"Unorganized_Borough,_Alaska",1
List_of_boroughs_and_census_areas_in_Alaska,"Valdez–Cordova_Census_Area,_Alaska",1
List_of_busiest_airports_by_cargo_traffic,Memphis_International_Airport,1
List_of_busiest_airports_by_cargo_traffic,Ted_Stevens_Anchorage_International_Airport,1
List_of_capitals_in_the_United_States,Alaska,1
List_of_capitals_in_the_United_States,Boston,1
List_of_capitals_in_the_United_States,California,1
List_of_capitals_in_the_United_States,"Juneau,_Alaska",1
List_of_capitals_in_the_United_States,List_of_United_States_cities_by_population,1
List_of_capitals_in_the_United_States,New_York_(state),1
List_of_capitals_in_the_United_States,New_York_City,1
List_of_capitals_in_the_United_States,Philadelphia,1
List_of_capitals_in_the_United_States,"Phoenix,_Arizona",1
List_of_capitals_in_the_United_States,Rhode_Island,1
List_of_capitals_in_the_United_States,U.S._state,1
List_of_capitals_in_the_United_States,United_States,1
List_of_cities_in_Alaska,Alaska,1
List_of_cities_in_Alaska,"Anchorage,_Alaska",1
List_of_cities_in_Alaska,"Fairbanks,_Alaska",1
List_of_cities_in_Alaska,"Homer,_Alaska",1
List_of_cities_in_Alaska,"Juneau,_Alaska",1
List_of_cities_in_Alaska,"Kenai,_Alaska",1
List_of_cities_in_Alaska,"Ketchikan,_Alaska",1
List_of_cities_in_Alaska,"Kodiak,_Alaska",1
List_of_cities_in_Alaska,List_of_boroughs_and_census_areas_in_Alaska,1
List_of_cities_in_Alaska,"Nome,_Alaska",1
List_of_cities_in_Alaska,"North_Pole,_Alaska",1
List_of_cities_in_Alaska,"Palmer,_Alaska",1
List_of_cities_in_Alaska,"Seward,_Alaska",1
List_of_cities_in_Alaska,"Sitka,_Alaska",1
List_of_cities_in_Alaska,"Soldotna,_Alaska",1
List_of_cities_in_Alaska,"Utqiagvik,_Alaska",1
List_of_cities_in_Alaska,"Valdez,_Alaska",1
List_of_cities_in_Alaska,"Wasilla,_Alaska",1
List_of_colleges_and_universities_in_Alaska,Alaska_Pacific_University,1
List_of_colleges_and_universities_in_Alaska,University_of_Alaska_Anchorage,1
List_of_colleges_and_universities_in_Alaska,University_of_Alaska_Fairbanks,1
List_of_colleges_and_universities_in_Alaska,University_of_Alaska_system,1
List_of_earthquakes_in_2017,List_of_earthquakes_in_2018,1
List_of_earthquakes_in_2018,2018_Anchorage_earthquake,1
List_of_earthquakes_in_2018,2018_East_Java_earthquake,1
List_of_earthquakes_in_2018,2018_Gulf_of_Alaska_earthquake,1
List_of_earthquakes_in_2018,2018_Hawaii_earthquake,1
List_of_earthquakes_in_2018,2018_Hokkaido_Eastern_Iburi_earthquake,1
List_of_earthquakes_in_2018,2018_Ionian_Sea_earthquake,1
List_of_earthquakes_in_2018,2018_Sarpol-e_Zahab_earthquake,1
List_of_earthquakes_in_2018,2018_Sulawesi_earthquake_and_tsunami,1
List_of_earthquakes_in_2018,5_August_2018_Lombok_earthquake,1
List_of_earthquakes_in_2018,Earthquake,1
List_of_earthquakes_in_2018,July_2018_Lombok_earthquake,1
List_of_earthquakes_in_2018,List_of_earthquakes_in_2017,1
List_of_earthquakes_in_2018,Modified_Mercalli_intensity_scale,1
List_of_earthquakes_in_2018,Moment_magnitude_scale,1
List_of_earthquakes_in_2018,United_States_Geological_Survey,1
List_of_earthquakes_in_Alaska,1946_Aleutian_Islands_earthquake,1
List_of_earthquakes_in_Alaska,1957_Andreanof_Islands_earthquake,1
List_of_earthquakes_in_Alaska,1958_Lituya_Bay_earthquake_and_megatsunami,1
List_of_earthquakes_in_Alaska,1964_Alaska_earthquake,1
List_of_earthquakes_in_Alaska,1965_Rat_Islands_earthquake,1
List_of_earthquakes_in_Alaska,2002_Denali_earthquake,1
List_of_earthquakes_in_Alaska,2014_Aleutian_Islands_earthquake,1
List_of_earthquakes_in_Alaska,2016_Old_Iliamna_earthquake,1
List_of_earthquakes_in_Alaska,2018_Anchorage_earthquake,1
List_of_earthquakes_in_Alaska,2018_Gulf_of_Alaska_earthquake,1
List_of_earthquakes_in_Alaska,Modified_Mercalli_intensity_scale,1
List_of_earthquakes_in_Alaska,Seismic_magnitude_scales,1
List_of_earthquakes_in_India,2001_Gujarat_earthquake,1
List_of_earthquakes_in_India,2004_Indian_Ocean_earthquake_and_tsunami,1
List_of_earthquakes_in_India,2005_Kashmir_earthquake,1
List_of_earthquakes_in_India,April_2015_Nepal_earthquake,1
List_of_earthquakes_in_India,May_2015_Nepal_earthquake,1
List_of_earthquakes_in_India,Moment_magnitude_scale,1
List_of_earthquakes_in_India,Seismic_magnitude_scales,1
List_of_earthquakes_in_Japan,2018_Hokkaido_Eastern_Iburi_earthquake,1
List_of_earthquakes_in_Japan,2018_Osaka_earthquake,1
List_of_earthquakes_in_Japan,869_Jōgan_earthquake,1
List_of_earthquakes_in_Japan,April_2011_Fukushima_earthquake,1
List_of_earthquakes_in_Japan,Great_Hanshin_earthquake,1
List_of_earthquakes_in_Japan,Lists_of_earthquakes,1
List_of_earthquakes_in_Japan,Seismic_magnitude_scales,1
List_of_earthquakes_in_New_Zealand,2010_Canterbury_earthquake,1
List_of_earthquakes_in_New_Zealand,2016_Kaikōura_earthquake,1
List_of_earthquakes_in_the_United_States,1700_Cascadia_earthquake,1
List_of_earthquakes_in_the_United_States,1857_Fort_Tejon_earthquake,1
List_of_earthquakes_in_the_United_States,1886_Charleston_earthquake,1
List_of_earthquakes_in_the_United_States,1906_San_Francisco_earthquake,1
List_of_earthquakes_in_the_United_States,1946_Aleutian_Islands_earthquake,1
List_of_earthquakes_in_the_United_States,1957_Andreanof_Islands_earthquake,1
List_of_earthquakes_in_the_United_States,1958_Lituya_Bay_earthquake_and_megatsunami,1
List_of_earthquakes_in_the_United_States,1959_Hebgen_Lake_earthquake,1
List_of_earthquakes_in_the_United_States,1960_Valdivia_earthquake,1
List_of_earthquakes_in_the_United_States,1964_Alaska_earthquake,1
List_of_earthquakes_in_the_United_States,1965_Rat_Islands_earthquake,1
List_of_earthquakes_in_the_United_States,1989_Loma_Prieta_earthquake,1
List_of_earthquakes_in_the_United_States,1994_Northridge_earthquake,1
List_of_earthquakes_in_the_United_States,2001_Nisqually_earthquake,1
List_of_earthquakes_in_the_United_States,2002_Denali_earthquake,1
List_of_earthquakes_in_the_United_States,2011_Virginia_earthquake,1
List_of_earthquakes_in_the_United_States,2014_Aleutian_Islands_earthquake,1
List_of_earthquakes_in_the_United_States,2014_South_Napa_earthquake,1
List_of_earthquakes_in_the_United_States,2016_Oklahoma_earthquake,1
List_of_earthquakes_in_the_United_States,2016_Old_Iliamna_earthquake,1
List_of_earthquakes_in_the_United_States,2018_Anchorage_earthquake,1
List_of_earthquakes_in_the_United_States,2018_Gulf_of_Alaska_earthquake,1
List_of_earthquakes_in_the_United_States,List_of_tsunamis,1
List_of_earthquakes_in_the_United_States,Lists_of_earthquakes,1
List_of_earthquakes_in_the_United_States,Oklahoma_earthquake_swarms_(2009–present),1
List_of_earthquakes_in_the_United_States,Seismic_magnitude_scales,1
List_of_extreme_points_of_the_United_States,"Anchorage,_Alaska",1
List_of_extreme_points_of_the_United_States,Denali,1
List_of_extreme_points_of_the_United_States,"Fairbanks,_Alaska",1
List_of_extreme_points_of_the_United_States,"Utqiagvik,_Alaska",1
List_of_largest_cities_by_area,List_of_United_States_cities_by_area,1
List_of_largest_cities_by_area,New_York_City,1
List_of_largest_cities_by_area,"Sitka,_Alaska",1
List_of_largest_cities_of_U.S._states_and_territories_by_population,"Anchorage,_Alaska",1
List_of_largest_cities_of_U.S._states_and_territories_by_population,California,1
List_of_largest_cities_of_U.S._states_and_territories_by_population,"Fairbanks,_Alaska",1
List_of_largest_cities_of_U.S._states_and_territories_by_population,List_of_United_States_cities_by_population,1
List_of_largest_cities_of_U.S._states_and_territories_by_population,New_York_City,1
List_of_largest_cities_of_U.S._states_and_territories_by_population,"Phoenix,_Arizona",1
List_of_largest_cities_of_U.S._states_and_territories_by_population,"Portland,_Maine",1
List_of_largest_cities_of_U.S._states_and_territories_by_population,Territories_of_the_United_States,1
List_of_largest_cities_of_U.S._states_and_territories_by_population,U.S._state,1
"List_of_mayors_of_Anchorage,_Alaska",Dan_Sullivan_(Anchorage_mayor),1
"List_of_mayors_of_Anchorage,_Alaska",Ethan_Berkowitz,1
"List_of_neighborhoods_of_Anchorage,_Alaska",Downtown_Anchorage,1
List_of_northernmost_settlements,"Anchorage,_Alaska",1
List_of_northernmost_settlements,Murmansk,1
List_of_northernmost_settlements,Saint_Petersburg,1
List_of_northernmost_settlements,"Utqiagvik,_Alaska",1
List_of_population_centers_by_latitude,"Utqiagvik,_Alaska",1
List_of_states_and_territories_of_the_United_States,Alaska,1
List_of_states_and_territories_of_the_United_States,"Anchorage,_Alaska",1
List_of_states_and_territories_of_the_United_States,Boston,1
List_of_states_and_territories_of_the_United_States,California,1
List_of_states_and_territories_of_the_United_States,Contiguous_United_States,1
List_of_states_and_territories_of_the_United_States,"Juneau,_Alaska",1
List_of_states_and_territories_of_the_United_States,"Manchester,_New_Hampshire",1
List_of_states_and_territories_of_the_United_States,New_York_(state),1
List_of_states_and_territories_of_the_United_States,New_York_City,1
List_of_states_and_territories_of_the_United_States,North_America,1
List_of_states_and_territories_of_the_United_States,Philadelphia,1
List_of_states_and_territories_of_the_United_States,"Phoenix,_Arizona",1
List_of_states_and_territories_of_the_United_States,"Portland,_Maine",1
List_of_states_and_territories_of_the_United_States,President_of_the_United_States,1
List_of_states_and_territories_of_the_United_States,Rhode_Island,1
List_of_states_and_territories_of_the_United_States,Seattle,1
List_of_states_and_territories_of_the_United_States,Territories_of_the_United_States,1
List_of_states_and_territories_of_the_United_States,U.S._state,1
List_of_states_and_territories_of_the_United_States,United_States,1
List_of_tallest_buildings_by_U.S._state_and_territory,Conoco-Phillips_Building,1
List_of_tallest_buildings_in_Anchorage,Conoco-Phillips_Building,1
List_of_tallest_buildings_in_Anchorage,Robert_B._Atwood_Building,1
List_of_television_stations_in_Alaska,KTBY,1
List_of_television_stations_in_Alaska,KTUU-TV,1
List_of_television_stations_in_Alaska,KTVA,1
List_of_television_stations_in_Alaska,KYUR,1
List_of_the_busiest_airports_in_the_United_States,List_of_airports_in_the_United_States,1
List_of_the_busiest_airports_in_the_United_States,Memphis_International_Airport,1
List_of_the_busiest_airports_in_the_United_States,Ted_Stevens_Anchorage_International_Airport,1
List_of_tsunamis,1693_Sicily_earthquake,1
List_of_tsunamis,1700_Cascadia_earthquake,1
List_of_tsunamis,1755_Lisbon_earthquake,1
List_of_tsunamis,1908_Messina_earthquake,1
List_of_tsunamis,1946_Aleutian_Islands_earthquake,1
List_of_tsunamis,1958_Lituya_Bay_earthquake_and_megatsunami,1
List_of_tsunamis,1960_Valdivia_earthquake,1
List_of_tsunamis,1964_Alaska_earthquake,1
List_of_tsunamis,1976_Moro_Gulf_earthquake,1
List_of_tsunamis,2004_Indian_Ocean_earthquake_and_tsunami,1
List_of_tsunamis,2010_Chile_earthquake,1
List_of_tsunamis,2015_Illapel_earthquake,1
List_of_tsunamis,2016_Kaikōura_earthquake,1
List_of_tsunamis,2018_Sulawesi_earthquake_and_tsunami,1
List_of_tsunamis,365_Crete_earthquake,1
List_of_tsunamis,Lists_of_earthquakes,1
List_of_tsunamis,Tsunami,1
List_of_urban_parks_by_size,Chugach_State_Park,1
List_of_zoos_in_the_United_States,Alaska_Wildlife_Conservation_Center,1
List_of_zoos_in_the_United_States,Alaska_Zoo,1
Lists_of_20th-century_earthquakes,1960_Valdivia_earthquake,1
Lists_of_20th-century_earthquakes,1964_Alaska_earthquake,1
Lists_of_20th-century_earthquakes,Lists_of_21st-century_earthquakes,1
Lists_of_20th-century_earthquakes,Lists_of_earthquakes,1
Lists_of_20th-century_earthquakes,Moment_magnitude_scale,1
Lists_of_21st-century_earthquakes,2001_Gujarat_earthquake,1
Lists_of_21st-century_earthquakes,2004_Indian_Ocean_earthquake_and_tsunami,1
Lists_of_21st-century_earthquakes,2005_Kashmir_earthquake,1
Lists_of_21st-century_earthquakes,2008_Sichuan_earthquake,1
Lists_of_21st-century_earthquakes,2010_Haiti_earthquake,1
Lists_of_21st-century_earthquakes,2018_Anchorage_earthquake,1
Lists_of_21st-century_earthquakes,2018_Sulawesi_earthquake_and_tsunami,1
Lists_of_21st-century_earthquakes,April_2015_Nepal_earthquake,1
Lists_of_21st-century_earthquakes,List_of_earthquakes_in_2018,1
Lists_of_21st-century_earthquakes,Lists_of_earthquakes,1
Lists_of_earthquakes,1556_Shaanxi_earthquake,1
Lists_of_earthquakes,1693_Sicily_earthquake,1
Lists_of_earthquakes,1700_Cascadia_earthquake,1
Lists_of_earthquakes,1755_Lisbon_earthquake,1
Lists_of_earthquakes,1906_San_Francisco_earthquake,1
Lists_of_earthquakes,1908_Messina_earthquake,1
Lists_of_earthquakes,1957_Andreanof_Islands_earthquake,1
Lists_of_earthquakes,1960_Valdivia_earthquake,1
Lists_of_earthquakes,1964_Alaska_earthquake,1
Lists_of_earthquakes,1965_Rat_Islands_earthquake,1
Lists_of_earthquakes,1989_Loma_Prieta_earthquake,1
Lists_of_earthquakes,1994_Northridge_earthquake,1
Lists_of_earthquakes,1999_Jiji_earthquake,1
Lists_of_earthquakes,2002_Denali_earthquake,1
Lists_of_earthquakes,2004_Indian_Ocean_earthquake_and_tsunami,1
Lists_of_earthquakes,2008_Sichuan_earthquake,1
Lists_of_earthquakes,2010_Chile_earthquake,1
Lists_of_earthquakes,2010_Haiti_earthquake,1
Lists_of_earthquakes,2012_Indian_Ocean_earthquakes,1
Lists_of_earthquakes,2015_Illapel_earthquake,1
Lists_of_earthquakes,2016_Ecuador_earthquake,1
Lists_of_earthquakes,2016_Gyeongju_earthquake,1
Lists_of_earthquakes,365_Crete_earthquake,1
Lists_of_earthquakes,869_Jōgan_earthquake,1
Lists_of_earthquakes,Earthquake,1
Lists_of_earthquakes,Great_Hanshin_earthquake,1
Lists_of_earthquakes,List_of_earthquakes_in_2018,1
Lists_of_earthquakes,List_of_earthquakes_in_Alaska,1
Lists_of_earthquakes,List_of_earthquakes_in_India,1
Lists_of_earthquakes,List_of_earthquakes_in_Japan,1
Lists_of_earthquakes,List_of_earthquakes_in_New_Zealand,1
Lists_of_earthquakes,List_of_earthquakes_in_the_United_States,1
Lists_of_earthquakes,Lists_of_20th-century_earthquakes,1
Lists_of_earthquakes,Lists_of_21st-century_earthquakes,1
Lists_of_earthquakes,Seismic_magnitude_scales,1
Logarithmic_scale,Richter_magnitude_scale,1
Love_wave,S_wave,1
Magadan,"Anchorage,_Alaska",1
Magnitude,Moment_magnitude_scale,1
Magnitude,Richter_magnitude_scale,1
Magnitude,Seismic_magnitude_scales,1
Maine_Mariners_(ECHL),Alaska_Aces_(ECHL),1
Maine_Mariners_(ECHL),ECHL,1
Maine_Mariners_(ECHL),"Portland,_Maine",1
Mario_Chalmers,"Anchorage,_Alaska",1
Mario_Chalmers,Bartlett_High_School_(Alaska),1
Mario_Chalmers,Trajan_Langdon,1
Mark_Begich,2014_United_States_Senate_election_in_Alaska,1
Mark_Begich,2018_Alaska_gubernatorial_election,1
Mark_Begich,Alaska,1
Mark_Begich,"Anchorage,_Alaska",1
Mark_Begich,Dan_Sullivan_(Anchorage_mayor),1
Mark_Begich,Dan_Sullivan_(U.S._senator),1
Mark_Begich,Hale_Boggs,1
Mark_Begich,"List_of_mayors_of_Anchorage,_Alaska",1
Mark_Begich,Tom_Begich,1
Martin_Sensmeier,Native_Americans_in_the_United_States,1
"Matanuska-Susitna_Borough,_Alaska",Borough_(United_States),1
"Matanuska-Susitna_Borough,_Alaska","Houston,_Alaska",1
"Matanuska-Susitna_Borough,_Alaska","Palmer,_Alaska",1
"Matanuska-Susitna_Borough,_Alaska","Wasilla,_Alaska",1
Matanuska-Susitna_Valley,"Matanuska-Susitna_Borough,_Alaska",1
May_2015_Nepal_earthquake,April_2015_Nepal_earthquake,1
Megathrust_earthquake,1700_Cascadia_earthquake,1
Megathrust_earthquake,1755_Lisbon_earthquake,1
Megathrust_earthquake,1960_Valdivia_earthquake,1
Megathrust_earthquake,1964_Alaska_earthquake,1
Megathrust_earthquake,1965_Rat_Islands_earthquake,1
Megathrust_earthquake,1985_Mexico_City_earthquake,1
Megathrust_earthquake,2004_Indian_Ocean_earthquake_and_tsunami,1
Megathrust_earthquake,2010_Chile_earthquake,1
Megathrust_earthquake,2015_Illapel_earthquake,1
Megathrust_earthquake,365_Crete_earthquake,1
Megathrust_earthquake,869_Jōgan_earthquake,1
Megathrust_earthquake,Earthquake,1
Megathrust_earthquake,Fault_(geology),1
Megathrust_earthquake,Moment_magnitude_scale,1
Megathrust_earthquake,Subduction,1
Memphis_International_Airport,FedEx_Express,1
Memphis_International_Airport,List_of_busiest_airports_by_cargo_traffic,1
Memphis_International_Airport,List_of_the_busiest_airports_in_the_United_States,1
Metropolitan_area,Metropolitan_statistical_area,1
Metropolitan_area,United_States,1
Metropolitan_area,Urban_area,1
Metropolitan_statistical_area,2010_United_States_census,1
Metropolitan_statistical_area,Anchorage_metropolitan_area,1
Metropolitan_statistical_area,List_of_United_States_cities_by_population,1
Metropolitan_statistical_area,List_of_United_States_urban_areas,1
Metropolitan_statistical_area,United_States,1
Michelle_Shocked,Anchorage_(song),1
Mitt_Romney,Donald_Trump,1
Mitt_Romney,John_McCain,1
Mitt_Romney,President_of_the_United_States,1
Mitt_Romney,Sarah_Palin,1
Modified_Mercalli_intensity_scale,Earthquake,1
Modified_Mercalli_intensity_scale,Japan_Meteorological_Agency_seismic_intensity_scale,1
Modified_Mercalli_intensity_scale,Moment_magnitude_scale,1
Modified_Mercalli_intensity_scale,Richter_magnitude_scale,1
Modified_Mercalli_intensity_scale,Seismic_magnitude_scales,1
Moment_magnitude_scale,Earthquake,1
Moment_magnitude_scale,Lists_of_earthquakes,1
Moment_magnitude_scale,Logarithmic_scale,1
Moment_magnitude_scale,Richter_magnitude_scale,1
Moment_magnitude_scale,Seismic_magnitude_scales,1
Moment_magnitude_scale,Seismic_moment,1
Moment_magnitude_scale,Shear_modulus,1
Montreal,Metropolitan_area,1
Montreal,Urban_area,1
Moose,Contiguous_United_States,1
Moose,Taiga,1
Mortal_Engines_Quartet,"Anchorage,_Alaska",1
Mortal_Engines_Quartet,Helsinki,1
Mortal_Engines_Quartet,Predator's_Gold,1
Mount_Everest,Denali,1
Mount_Everest,Everest_base_camps,1
Mount_Logan,Denali,1
Mountain_goat,Dall_sheep,1
Multiracial_Americans,African_Americans,1
Multiracial_Americans,Hispanic_and_Latino_Americans,1
Murmansk,Saint_Petersburg,1
Murmansk,Tromsø,1
Mushing,Iditarod_Trail_Sled_Dog_Race,1
National_Collegiate_Athletic_Association,United_States,1
Native_Americans_in_the_United_States,Alaska,1
Native_Americans_in_the_United_States,Alaska_Natives,1
Native_Americans_in_the_United_States,Aleut,1
Native_Americans_in_the_United_States,United_States,1
New_York_(state),Beaver,1
New_York_(state),California,1
New_York_(state),Demonym,1
New_York_(state),List_of_United_States_cities_by_population,1
New_York_(state),List_of_capitals_in_the_United_States,1
New_York_(state),List_of_largest_cities_of_U.S._states_and_territories_by_population,1
New_York_(state),Metropolitan_statistical_area,1
New_York_(state),New_York_City,1
New_York_(state),Rhode_Island,1
New_York_(state),U.S._state,1
New_York_(state),United_States,1
New_York_City,2010_United_States_census,1
New_York_City,African_Americans,1
New_York_City,Asian_Americans,1
New_York_City,Boston,1
New_York_City,California,1
New_York_City,Contiguous_United_States,1
New_York_City,County_statistics_of_the_United_States,1
New_York_City,Democratic_Party_(United_States),1
New_York_City,Demonym,1
New_York_City,Hispanic_and_Latino_Americans,1
New_York_City,Köppen_climate_classification,1
New_York_City,List_of_United_States_cities_by_population,1
New_York_City,List_of_capitals_in_the_United_States,1
New_York_City,List_of_the_busiest_airports_in_the_United_States,1
New_York_City,Metropolitan_area,1
New_York_City,Metropolitan_statistical_area,1
New_York_City,Montreal,1
New_York_City,Native_Americans_in_the_United_States,1
New_York_City,New_York_(state),1
New_York_City,Non-Hispanic_whites,1
New_York_City,Philadelphia,1
New_York_City,Tokyo,1
New_York_City,U.S._state,1
New_York_City,United_States,1
New_York_City,Urban_area,1
New_York_City,White_Americans,1
"Nome,_Alaska",1925_serum_run_to_Nome,1
"Nome,_Alaska",Alaska,1
"Nome,_Alaska",Alaska_Natives,1
"Nome,_Alaska","Anchorage,_Alaska",1
"Nome,_Alaska",Balto,1
"Nome,_Alaska","Fairbanks,_Alaska",1
"Nome,_Alaska",Iditarod_Trail_Sled_Dog_Race,1
"Nome,_Alaska",The_Fourth_Kind,1
"Nome,_Alaska",University_of_Alaska_Fairbanks,1
"Nome,_Alaska","Unorganized_Borough,_Alaska",1
Non-Hispanic_whites,California,1
Non-Hispanic_whites,Hispanic_and_Latino_Americans,1
Non-Hispanic_whites,White_Americans,1
North_America,California,1
North_America,Contiguous_United_States,1
North_America,Demonym,1
North_America,United_States,1
North_American_Plate,North_America,1
North_American_Plate,San_Andreas_Fault,1
"North_Pole,_Alaska",Alaska,1
"North_Pole,_Alaska","Fairbanks,_Alaska",1
"North_Slope_Borough,_Alaska",Alaska,1
"North_Slope_Borough,_Alaska",Alaska_North_Slope,1
"North_Slope_Borough,_Alaska",Brooks_Range,1
"North_Slope_Borough,_Alaska",List_of_boroughs_and_census_areas_in_Alaska,1
"North_Slope_Borough,_Alaska","Prudhoe_Bay,_Alaska",1
"North_Slope_Borough,_Alaska","Utqiagvik,_Alaska",1
Northern_Exposure,"Anchorage,_Alaska",1
Northern_Exposure,"Talkeetna,_Alaska",1
Northwest_Airlines_Flight_85,Ted_Stevens_Anchorage_International_Airport,1
Oslo,Helsinki,1
Oslo,Metropolitan_area,1
Oslo,Reykjavík,1
Oslo,Stockholm,1
Oslo,Tokyo,1
Oslo,Urban_area,1
Outside_(Alaska),Contiguous_United_States,1
P_wave,S_wave,1
Pacific_Plate,North_American_Plate,1
Pacific_Rim_(film),"Anchorage,_Alaska",1
"Palmer,_Alaska","Anchorage,_Alaska",1
"Palmer,_Alaska","Matanuska-Susitna_Borough,_Alaska",1
Pan_Am_Flight_103,Frankfurt,1
Pan_Am_Flight_103,Moment_magnitude_scale,1
Pan_Am_Flight_103,United_States,1
Peak_ground_acceleration,2016_Kaikōura_earthquake,1
Peak_ground_acceleration,Modified_Mercalli_intensity_scale,1
Philadelphia,African_Americans,1
Philadelphia,Boston,1
Philadelphia,Consolidated_city-county,1
Philadelphia,Frankfurt,1
Philadelphia,List_of_United_States_cities_by_population,1
Philadelphia,List_of_capitals_in_the_United_States,1
Philadelphia,Metropolitan_area,1
Philadelphia,Metropolitan_statistical_area,1
Philadelphia,New_York_City,1
Philadelphia,U.S._state,1
Philadelphia,United_States,1
"Phoenix,_Arizona",List_of_United_States_cities_by_area,1
"Phoenix,_Arizona",List_of_United_States_cities_by_population,1
"Phoenix,_Arizona",List_of_United_States_urban_areas,1
"Phoenix,_Arizona",List_of_capitals_in_the_United_States,1
"Phoenix,_Arizona",Metropolitan_area,1
"Phoenix,_Arizona",Metropolitan_statistical_area,1
"Phoenix,_Arizona",Philadelphia,1
"Phoenix,_Arizona",U.S._state,1
"Phoenix,_Arizona",United_States,1
"Phoenix,_Arizona",Urban_area,1
"Portage,_Anchorage",1964_Alaska_earthquake,1
"Portage,_Anchorage",Turnagain_Arm,1
"Portland,_Maine",Maine_Mariners_(ECHL),1
"Portland,_Maine",Metropolitan_area,1
"Portland,_Maine",Metropolitan_statistical_area,1
Predator's_Gold,Mortal_Engines_Quartet,1
President_of_the_United_States,Air_Force_One,1
President_of_the_United_States,Democratic_Party_(United_States),1
President_of_the_United_States,Donald_Trump,1
President_of_the_United_States,New_York_(state),1
President_of_the_United_States,United_States,1
"Prudhoe_Bay,_Alaska",Alaska,1
"Prudhoe_Bay,_Alaska","Fairbanks,_Alaska",1
"Prudhoe_Bay,_Alaska","North_Slope_Borough,_Alaska",1
"Prudhoe_Bay,_Alaska",Prudhoe_Bay_Oil_Field,1
"Prudhoe_Bay,_Alaska",Trans-Alaska_Pipeline_System,1
"Prudhoe_Bay,_Alaska","Utqiagvik,_Alaska",1
Prudhoe_Bay_Oil_Field,Alaska_North_Slope,1
Prudhoe_Bay_Oil_Field,"Prudhoe_Bay,_Alaska",1
Prudhoe_Bay_Oil_Field,Trans-Alaska_Pipeline_System,1
Ravn_Alaska,Ted_Stevens_Anchorage_International_Airport,1
Rhode_Island,New_York_(state),1
Richter_magnitude_scale,1960_Valdivia_earthquake,1
Richter_magnitude_scale,Charles_Francis_Richter,1
Richter_magnitude_scale,Earthquake,1
Richter_magnitude_scale,Modified_Mercalli_intensity_scale,1
Richter_magnitude_scale,Moment_magnitude_scale,1
Richter_magnitude_scale,Seismic_magnitude_scales,1
Robert_Hansen,"Anchorage,_Alaska",1
Robert_Hansen,Matanuska-Susitna_Valley,1
Robert_Hansen,The_Frozen_Ground,1
S_wave,Love_wave,1
S_wave,P_wave,1
Saint_Petersburg,Helsinki,1
San_Andreas_Fault,1857_Fort_Tejon_earthquake,1
San_Andreas_Fault,1906_San_Francisco_earthquake,1
San_Andreas_Fault,1989_Loma_Prieta_earthquake,1
San_Andreas_Fault,1994_Northridge_earthquake,1
San_Andreas_Fault,California,1
San_Andreas_Fault,Fault_(geology),1
San_Andreas_Fault,Moment_magnitude_scale,1
San_Andreas_Fault,North_American_Plate,1
San_Andreas_Fault,Pacific_Plate,1
Sarah_Palin,2018_Anchorage_earthquake,1
Sarah_Palin,Bristol_Palin,1
Sarah_Palin,Donald_Trump,1
Sarah_Palin,"Eagle_River,_Anchorage",1
Sarah_Palin,John_McCain,1
Sarah_Palin,"Ketchikan,_Alaska",1
Sarah_Palin,Lisa_Murkowski,1
Sarah_Palin,"Wasilla,_Alaska",1
Seattle,2001_Nisqually_earthquake,1
Seattle,African_Americans,1
Seattle,Alaska,1
Seattle,Alaska_Airlines,1
Seattle,Contiguous_United_States,1
Seattle,List_of_United_States_cities_by_population,1
Seattle,List_of_United_States_urban_areas,1
Seattle,Metropolitan_area,1
Seattle,Metropolitan_statistical_area,1
Seattle,Native_Americans_in_the_United_States,1
Seattle,New_York_City,1
Seattle,North_America,1
Seattle,Reykjavík,1
Seattle,U.S._state,1
Seattle,Urban_area,1
Seattle,West_Coast_of_the_United_States,1
Seattle,White_Americans,1
Seismic_magnitude_scales,Moment_magnitude_scale,1
Seismic_magnitude_scales,Richter_magnitude_scale,1
Seismic_moment,Moment_magnitude_scale,1
Seismic_moment,Shear_modulus,1
Seismometer,Earthquake,1
"Seward,_Alaska",Alaska,1
"Seward,_Alaska","Kenai_Peninsula_Borough,_Alaska",1
"Seward,_Alaska","Soldotna,_Alaska",1
"Seward,_Alaska",William_H._Seward,1
Seward_Highway,"Seward,_Alaska",1
Shemya,Aleutian_Islands,1
"Sitka,_Alaska",Alaska,1
"Sitka,_Alaska",Alaska_Purchase,1
"Sitka,_Alaska",Consolidated_city-county,1
"Sitka,_Alaska","Juneau,_Alaska",1
"Sitka,_Alaska",Southeast_Alaska,1
Soil_liquefaction,1964_Alaska_earthquake,1
Soil_liquefaction,1989_Loma_Prieta_earthquake,1
Soil_liquefaction,2010_Canterbury_earthquake,1
Soil_liquefaction,Great_Hanshin_earthquake,1
"Soldotna,_Alaska","Kenai_Peninsula_Borough,_Alaska",1
Southcentral_Alaska,"Anchorage,_Alaska",1
Southeast_Alaska,Alaska,1
Southeast_Alaska,"Juneau,_Alaska",1
Southeast_Alaska,"Ketchikan,_Alaska",1
Southeast_Alaska,"Sitka,_Alaska",1
Sports_in_Alaska,Anchorage_Bucs,1
Sports_in_Alaska,Anchorage_Glacier_Pilots,1
Stateside_Puerto_Ricans,Hispanic_and_Latino_Americans,1
Stockholm,Helsinki,1
Stockholm,Metropolitan_area,1
Stockholm,Oslo,1
Stockholm,Reykjavík,1
Stockholm,Saint_Petersburg,1
Stockholm,Urban_area,1
Subarctic_climate,Köppen_climate_classification,1
Subarctic_climate,Taiga,1
Subduction,Megathrust_earthquake,1
Sullivan_Arena,Alaska_Aces_(ECHL),1
Sullivan_Arena,Alaska_Airlines_Center,1
Sullivan_Arena,Alaska_Anchorage_Seawolves,1
Surface-wave_magnitude,Seismic_magnitude_scales,1
Taiga,Chamaenerion_angustifolium,1
Taiga,Köppen_climate_classification,1
"Talkeetna,_Alaska","Matanuska-Susitna_Borough,_Alaska",1
Ted_Stevens_Anchorage_International_Airport,Adak_Airport,1
Ted_Stevens_Anchorage_International_Airport,Alaska,1
Ted_Stevens_Anchorage_International_Airport,Alaska_Airlines,1
Ted_Stevens_Anchorage_International_Airport,Alaska_Railroad,1
Ted_Stevens_Anchorage_International_Airport,"Anchorage,_Alaska",1
Ted_Stevens_Anchorage_International_Airport,"Fairbanks,_Alaska",1
Ted_Stevens_Anchorage_International_Airport,Fairbanks_International_Airport,1
Ted_Stevens_Anchorage_International_Airport,FedEx_Express,1
Ted_Stevens_Anchorage_International_Airport,"Juneau,_Alaska",1
Ted_Stevens_Anchorage_International_Airport,Korean_Air_Lines_Flight_007,1
Ted_Stevens_Anchorage_International_Airport,List_of_busiest_airports_by_cargo_traffic,1
Ted_Stevens_Anchorage_International_Airport,Memphis_International_Airport,1
Ted_Stevens_Anchorage_International_Airport,Northwest_Airlines_Flight_85,1
Ted_Stevens_Anchorage_International_Airport,Ravn_Alaska,1
Territories_of_the_United_States,Donald_Trump,1
Territories_of_the_United_States,Native_Americans_in_the_United_States,1
Territories_of_the_United_States,U.S._state,1
Territories_of_the_United_States,United_States,1
The_Fourth_Kind,"Nome,_Alaska",1
The_Frozen_Ground,Robert_Hansen,1
Tokyo,Demonym,1
Tokyo,Fukushima_nuclear_disaster,1
Tokyo,Incheon,1
Tokyo,Köppen_climate_classification,1
Tokyo,Megathrust_earthquake,1
Tokyo,Metropolitan_area,1
Tokyo,New_York_City,1
Tokyo,Slow_earthquake,1
Tom_Begich,Mark_Begich,1
Tongan_Americans,Samoan_Americans,1
Trans-Alaska_Pipeline_System,Alaska,1
Trans-Alaska_Pipeline_System,Alyeska_Pipeline_Service_Company,1
Trans-Alaska_Pipeline_System,"Anchorage,_Alaska",1
Trans-Alaska_Pipeline_System,"Fairbanks,_Alaska",1
Trans-Alaska_Pipeline_System,"North_Pole,_Alaska",1
Trans-Alaska_Pipeline_System,"Prudhoe_Bay,_Alaska",1
Trans-Alaska_Pipeline_System,Prudhoe_Bay_Oil_Field,1
Trans-Alaska_Pipeline_System,"Valdez,_Alaska",1
Tsunami,1755_Lisbon_earthquake,1
Tsunami,1908_Messina_earthquake,1
Tsunami,1946_Aleutian_Islands_earthquake,1
Tsunami,1958_Lituya_Bay_earthquake_and_megatsunami,1
Tsunami,1960_Valdivia_earthquake,1
Tsunami,2004_Indian_Ocean_earthquake_and_tsunami,1
Tsunami,365_Crete_earthquake,1
Tsunami,Earthquake,1
Tsunami,Fukushima_nuclear_disaster,1
Tsunami,List_of_tsunamis,1
Tsunami,Lists_of_earthquakes,1
Tsunami,Megathrust_earthquake,1
Tsunami,Submarine_earthquake,1
Tsunami,Tsunami_warning_system,1
Tsunami_warning_system,Tsunami,1
U.S._state,Alaska,1
U.S._state,California,1
U.S._state,List_of_states_and_territories_of_the_United_States,1
U.S._state,New_York_(state),1
U.S._state,President_of_the_United_States,1
U.S._state,Rhode_Island,1
U.S._state,Territories_of_the_United_States,1
U.S._state,United_States,1
United_States,2010_United_States_census,1
United_States,African_Americans,1
United_States,Alaska,1
United_States,Alaska_Natives,1
United_States,Alaska_Purchase,1
United_States,Aleutian_Islands,1
United_States,Apollo_11,1
United_States,Asian_Americans,1
United_States,Boston,1
United_States,California,1
United_States,Contiguous_United_States,1
United_States,Coordinated_Universal_Time,1
United_States,Democratic_Party_(United_States),1
United_States,Demonym,1
United_States,Denali,1
United_States,Donald_Trump,1
United_States,Filipino_Americans,1
United_States,Hispanic_and_Latino_Americans,1
United_States,Köppen_climate_classification,1
United_States,List_of_United_States_cities_by_population,1
United_States,List_of_airports_in_the_United_States,1
United_States,List_of_earthquakes_in_the_United_States,1
United_States,List_of_extreme_points_of_the_United_States,1
United_States,List_of_states_and_territories_of_the_United_States,1
United_States,Metropolitan_statistical_area,1
United_States,Multiracial_Americans,1
United_States,Native_Americans_in_the_United_States,1
United_States,New_York_(state),1
United_States,New_York_City,1
United_States,Non-Hispanic_whites,1
United_States,North_America,1
United_States,Philadelphia,1
United_States,"Phoenix,_Arizona",1
United_States,President_of_the_United_States,1
United_States,Rhode_Island,1
United_States,Seattle,1
United_States,Stateside_Puerto_Ricans,1
United_States,Subarctic_climate,1
United_States,Tagalog_language,1
United_States,Territories_of_the_United_States,1
United_States,U.S._state,1
United_States,West_Coast_of_the_United_States,1
United_States,White_Americans,1
United_States_Geological_Survey,United_States,1
University_of_Alaska_Anchorage,Alaska_Anchorage_Seawolves,1
University_of_Alaska_Anchorage,"Anchorage,_Alaska",1
University_of_Alaska_Anchorage,Great_Northwest_Athletic_Conference,1
University_of_Alaska_Anchorage,University_of_Alaska_system,1
University_of_Alaska_Anchorage,Western_Collegiate_Hockey_Association,1
University_of_Alaska_Fairbanks,Alaska,1
University_of_Alaska_Fairbanks,"Fairbanks,_Alaska",1
University_of_Alaska_Fairbanks,University_of_Alaska_system,1
University_of_Alaska_system,"Anchorage,_Alaska",1
University_of_Alaska_system,"Juneau,_Alaska",1
University_of_Alaska_system,University_of_Alaska_Anchorage,1
University_of_Alaska_system,University_of_Alaska_Fairbanks,1
"Unorganized_Borough,_Alaska",Alaska,1
"Unorganized_Borough,_Alaska",List_of_boroughs_and_census_areas_in_Alaska,1
"Unorganized_Borough,_Alaska","Nome,_Alaska",1
Urban_area,List_of_United_States_urban_areas,1
Urban_area,Metropolitan_area,1
Urban_area,Metropolitan_statistical_area,1
Urban_area,New_York_City,1
"Utqiagvik,_Alaska",Alaska,1
"Utqiagvik,_Alaska",Alaska_Airlines,1
"Utqiagvik,_Alaska",Alaska_Natives,1
"Utqiagvik,_Alaska","Anchorage,_Alaska",1
"Utqiagvik,_Alaska","Fairbanks,_Alaska",1
"Utqiagvik,_Alaska",Iñupiat,1
"Utqiagvik,_Alaska",Larry_Csonka,1
"Utqiagvik,_Alaska",List_of_extreme_points_of_the_United_States,1
"Utqiagvik,_Alaska",List_of_northernmost_settlements,1
"Utqiagvik,_Alaska","North_Slope_Borough,_Alaska",1
"Utqiagvik,_Alaska","Prudhoe_Bay,_Alaska",1
"Valdez,_Alaska",1964_Alaska_earthquake,1
"Valdez,_Alaska",Alaska,1
"Valdez,_Alaska",Trans-Alaska_Pipeline_System,1
"Valdez,_Alaska","Valdez–Cordova_Census_Area,_Alaska",1
Vladivostok,"Juneau,_Alaska",1
"Wasilla,_Alaska",Alaska,1
"Wasilla,_Alaska","Anchorage,_Alaska",1
"Wasilla,_Alaska",Anchorage_metropolitan_area,1
"Wasilla,_Alaska",Bristol_Palin,1
"Wasilla,_Alaska",Larry_Csonka,1
"Wasilla,_Alaska",List_of_cities_in_Alaska,1
"Wasilla,_Alaska","Matanuska-Susitna_Borough,_Alaska",1
"Wasilla,_Alaska",Sarah_Palin,1
We_Are_the_World,2010_Haiti_earthquake,1
We_Are_the_World,We_Are_the_World_25_for_Haiti,1
We_Are_the_World_25_for_Haiti,2010_Haiti_earthquake,1
We_Are_the_World_25_for_Haiti,We_Are_the_World,1
West_Coast_of_the_United_States,Alaska,1
West_Coast_of_the_United_States,California,1
West_Coast_of_the_United_States,Contiguous_United_States,1
West_Coast_of_the_United_States,Seattle,1
Western_Collegiate_Hockey_Association,University_of_Alaska_Anchorage,1
Western_Collegiate_Hockey_Association,University_of_Alaska_Fairbanks,1
White_Americans,African_Americans,1
White_Americans,California,1
White_Americans,Hispanic_and_Latino_Americans,1
White_Americans,Non-Hispanic_whites,1
"Whittier,_Alaska",1964_Alaska_earthquake,1
"Whittier,_Alaska",Alaska,1
"Whittier,_Alaska",Alaska_Railroad,1
"Whittier,_Alaska","Anchorage,_Alaska",1
"Whittier,_Alaska","Valdez–Cordova_Census_Area,_Alaska",1
William_H._Seward,Alaska_Purchase,1
Winter_solstice,December_solstice,1
Winter_solstice,"Fairbanks,_Alaska",1
Winter_solstice,Magadan,1
Winter_solstice,Reykjavík,1
